,,,#,CountryOther,TotalCases,NewCases,TotalDeaths,NewDeaths,TotalRecovered,NewRecovered,ActiveCases,SeriousCritical,Tot Cases/1M pop,Deaths/1M pop,TotalTests,Tests/,1M pop,Unnamed: 15,Population,Continent,1 Caseevery X ppl1 Deathevery X ppl1 Testevery X ppl,New Cases/1M pop,New Deaths/1M pop,Active Cases/1M pop
1.0,USA,96626337,,1072946 ,,92494183.0,,3059208.0,3713.0,,,1102830809.0,, ,North America,,,,,,,,,
2.0,India,44462445,,528007 ,,43880464.0,,53974.0,698.0,31546.0,375.0,887379274.0,629589.0,1409458588 ,Asia,3226692,,,38.0,,,,,
3.0,France,34592737,,154189 ,,34079816.0,,358732.0,869.0,527433.0,2351.0,271490188.0,4139392.0,65586967 ,Europe,24250,,,5470.0,,,,,
4.0,Brazil,34517770,,684427 ,,33502447.0,,330896.0,8318.0,159923.0,3171.0,63776166.0,295480.0,215839289 ,South America,63153,,,1533.0,,,,,
5.0,Germany,32247828,,147762 ,,31447800.0,58700.0,652266.0,1406.0,382240.0,1751.0,122332384.0,1450031.0,84365377 ,Europe,35711,,,7731.0,,,,,
6.0,S. Korea,23606740,37548.0,27149 ,56.0,21834203.0,178401.0,1745388.0,562.0,459589.0,529.0,15804065.0,307682.0,51364934 ,Asia,218923,731,1.0,33980.0,,,,,
7.0,UK,23521792,,188242 ,,23232131.0,8012.0,101419.0,146.0,342583.0,2742.0,522526476.0,7610343.0,68660041 ,Europe,33650,,,1477.0,,,,,
8.0,Italy,21938269,,175832 ,,21159271.0,,603166.0,190.0,364006.0,2917.0,242997209.0,4031882.0,60268924 ,Europe,33430,,,10008.0,,,,,
9.0,Russia,19771113,41690.0,384787 ,76.0,18777401.0,30703.0,608925.0,2300.0,135353.0,2634.0,273400000.0,1871702.0,146070251 ,Europe,73801,285,0.5,4169.0,,,,,
10.0,Japan,19450222,105010.0,41054 ,225.0,17779534.0,159304.0,1629634.0,519.0,154813.0,327.0,72534842.0,577339.0,125636475 ,Asia,630602,836,2.0,12971.0,,,,,
11.0,Turkey,16797750,,100840 ,,,,,975.0,194623.0,1168.0,162743369.0,1885584.0,86309287 ,Asia,58561,,,4341.0,,,,,
12.0,Spain,13352019,,112804 ,,13128337.0,,110878.0,339.0,285336.0,2411.0,471036328.0,10066153.0,46794075 ,Europe,44150,,,2369.0,,,,,
13.0,Vietnam,11418894,,43120 ,,10211563.0,,1164211.0,89.0,115064.0,435.0,85826548.0,864840.0,99239846 ,Asia,923011,,,11731.0,,,,,
14.0,Australia,10075747,9020.0,14078 ,11.0,9953744.0,,107925.0,89.0,385421.0,539.0,78590386.0,3006263.0,26142215 ,Australia/Oceania,318570,345,0.4,4128.0,,,,,
15.0,Argentina,9678225,,129711 ,,9499559.0,4456.0,48955.0,456.0,209958.0,2814.0,35716069.0,774818.0,46096093 ,South America,53551,,,1062.0,,,,,
16.0,Netherlands,8388688,,22605 ,,8327160.0,2475.0,38923.0,33.0,487229.0,1313.0,21107399.0,1225952.0,17217152 ,Europe,27621,,,2261.0,,,,,
17.0,Iran,7533087,,143995 ,,7307292.0,,81800.0,867.0,87262.0,1668.0,53730223.0,622403.0,86327006 ,Asia,116002,,,948.0,,,,,
18.0,Mexico,7041181,990.0,329622 ,5.0,6298349.0,3554.0,413210.0,4798.0,53393.0,2500.0,18215566.0,138129.0,131873576 ,North America,194007,8,0.04,3133.0,,,,,
19.0,Indonesia,6374882,2340.0,157668 ,21.0,6177525.0,4444.0,39689.0,2771.0,22783.0,563.0,107081078.0,382702.0,279802763 ,Asia,4417753,8,0.08,142.0,,,,,
20.0,Colombia,6302809,,141646 ,,6128460.0,,32703.0,342.0,121067.0,2721.0,36358694.0,698396.0,52060296 ,South America,83681,,,628.0,,,,,
21.0,Poland,6187928,480.0,117153 ,,5335960.0,,734815.0,2782.0,163890.0,3103.0,36999043.0,979934.0,37756671 ,Europe,63221,13,,19462.0,,,,,
22.0,Taiwan,5467059,24103.0,10094 ,31.0,4917634.0,23080.0,539331.0,,228648.0,422.0,24569545.0,1027571.0,23910325 ,Asia,423691,1008,1.0,22556.0,,,,,
23.0,Portugal,5425891,,24865 ,,5334423.0,1476.0,66603.0,61.0,535509.0,2454.0,44633269.0,4405089.0,10132207 ,Europe,24070,,,6573.0,,,,,
24.0,Ukraine,5056378,,108841 ,,4926210.0,777.0,21327.0,177.0,117144.0,2522.0,19521252.0,452259.0,43163860 ,Europe,93972,,,494.0,,,,,
25.0,Austria,4924440,,19442 ,,4843228.0,,61770.0,61.0,540082.0,2132.0,195742096.0,21467796.0,9117941 ,Europe,24690,,,6775.0,,,,,
26.0,Malaysia,4791456,,36245 ,,4726250.0,,28961.0,73.0,144033.0,1090.0,63860593.0,1919678.0,33266312 ,Asia,79181,,,871.0,,,,,
27.0,DPRK,4772813,,74 ,,4772739.0,,0.0,,183400.0,3.0,,,26024022 ,Asia,5351676,,,,,,,,
28.0,Greece,4762827,,32552 ,,4693987.0,7257.0,36288.0,115.0,461845.0,3157.0,91707649.0,8892765.0,10312614 ,Europe,23170,,,3519.0,,,,,
29.0,Thailand,4659902,1360.0,32425 ,22.0,4612062.0,2106.0,15415.0,1496.0,66399.0,462.0,17270775.0,246092.0,70180090 ,Asia,1521644,19,0.3,220.0,,,,,
30.0,Israel,4636301,,11620 ,,4615261.0,,9420.0,266.0,497137.0,1246.0,41373364.0,4436346.0,9326000 ,Asia,28030,,,1010.0,,,,,
31.0,Chile,4532562,,60610 ,,4447517.0,,24435.0,139.0,232768.0,3113.0,44200455.0,2269901.0,19472417 ,South America,43210,,,1255.0,,,,,
32.0,Belgium,4488054,,32534 ,,4410182.0,2778.0,45338.0,59.0,383624.0,2781.0,35314986.0,3018608.0,11699098 ,Europe,33600,,,3875.0,,,,,
33.0,Canada,4179337,,44085 ,,4047843.0,3600.0,87409.0,257.0,108666.0,1146.0,64423248.0,1675049.0,38460522 ,North America,98721,,,2273.0,,,,,
34.0,Peru,4115117,,215877 ,,3860051.0,,39189.0,206.0,121143.0,6355.0,34472619.0,1014824.0,33969054 ,South America,81571,,,1154.0,,,,,
35.0,Czechia,4046756,178.0,40851 ,1.0,3994190.0,1579.0,11715.0,29.0,376369.0,3799.0,55989386.0,5207300.0,10752096 ,Europe,32630,17,0.09,1090.0,,,,,
36.0,Switzerland,4025870,,14148 ,,3952248.0,3104.0,59474.0,46.0,457901.0,1609.0,22103405.0,2514033.0,8792012 ,Europe,26210,,,6765.0,,,,,
37.0,South Africa,4012812,,102108 ,,3904513.0,,6191.0,192.0,65857.0,1676.0,26168861.0,429475.0,60932142 ,Africa,155972,,,102.0,,,,,
38.0,Philippines,3893573,2202.0,62062 ,51.0,3807018.0,1678.0,24493.0,681.0,34534.0,550.0,32331881.0,286763.0,112747616 ,Asia,2918173,20,0.5,217.0,,,,,
39.0,Romania,3228364,1176.0,66779 ,6.0,3120222.0,2058.0,41363.0,172.0,170278.0,3522.0,24725378.0,1304126.0,18959346 ,Europe,62841,62,0.3,2182.0,,,,,
40.0,Denmark,3092974,,6936 ,,3076955.0,,9083.0,6.0,529939.0,1188.0,128213105.0,21967570.0,5836472 ,Europe,28410,,,1556.0,,,,,
41.0,Sweden,2569152,,19873 ,,2528039.0,1065.0,21240.0,15.0,250993.0,1941.0,18865773.0,1843088.0,10235958 ,Europe,45151,,,2075.0,,,,,
42.0,Iraq,2457871,,25346 ,,2429962.0,,2563.0,21.0,58268.0,601.0,19212734.0,455469.0,42182323 ,Asia,1716642,,,61.0,,,,,
43.0,Serbia,2294006,,16737 ,,2208645.0,,68624.0,28.0,264865.0,1932.0,10716736.0,1237352.0,8661023 ,Europe,45171,,,7923.0,,,,,
44.0,Hungary,2048547,,47291 ,,1962698.0,,38558.0,23.0,213232.0,4922.0,11394556.0,1186052.0,9607132 ,Europe,52031,,,4013.0,,,,,
45.0,Bangladesh,2012761,,29328 ,,1957271.0,,26162.0,1331.0,11963.0,174.0,14766498.0,87765.0,168251346 ,Asia,84573711,,,155.0,,,,,
46.0,Singapore,1846094,,1594 ,,1769386.0,,75114.0,9.0,310256.0,268.0,24345019.0,4091448.0,5950221 ,Asia,337330,,,12624.0,,,,,
47.0,Slovakia,1835328,51.0,20365 ,2.0,1810772.0,82.0,4191.0,22.0,335810.0,3726.0,7271880.0,1330535.0,5465381 ,Europe,32681,9,0.4,767.0,,,,,
48.0,New Zealand,1749139,1400.0,2779 ,4.0,1734023.0,1693.0,12337.0,,349681.0,556.0,7492531.0,1497877.0,5002100 ,Australia/Oceania,318001,280,0.8,2466.0,,,,,
49.0,Georgia,1735682,,16889 ,,1637293.0,,81500.0,,436919.0,4251.0,16920079.0,4259246.0,3972553 ,Asia,22350,,,20516.0,,,,,
50.0,Jordan,1735495,,14110 ,,1718032.0,,3353.0,59.0,166506.0,1354.0,17128152.0,1643299.0,10423028 ,Asia,67391,,,322.0,,,,,
51.0,Ireland,1656956,,7798 ,,1641356.0,460.0,7802.0,8.0,327622.0,1542.0,12647411.0,2500709.0,5057531 ,Europe,36490,,,1543.0,,,,,
52.0,Hong Kong,1582399,,9724 ,,1339636.0,,233039.0,18.0,207419.0,1275.0,54352132.0,7124397.0,7629015 ,Asia,57850,,,30546.0,,,,,
53.0,Pakistan,1570206,190.0,30593 ,2.0,1530962.0,,8651.0,119.0,6821.0,133.0,30192506.0,131155.0,230205218 ,Asia,14775258,0.8,0.01,38.0,,,,,
54.0,Norway,1460431,,3980 ,,1454916.0,,1535.0,20.0,264894.0,722.0,11002430.0,1995630.0,5513262 ,Europe,413851,,,278.0,,,,,
55.0,Kazakhstan,1390109,562.0,13684 ,,1359538.0,1198.0,16887.0,24.0,72160.0,710.0,11575012.0,600853.0,19264312 ,Asia,1414082,29,,877.0,,,,,
56.0,Finland,1266917,,5690 ,,1235366.0,2182.0,25861.0,21.0,227887.0,1023.0,11394153.0,2049530.0,5559399 ,Europe,49770,,,4652.0,,,,,
57.0,Morocco,1264549,,16274 ,,1247943.0,,332.0,293.0,33400.0,430.0,12475527.0,329514.0,37860374 ,Africa,3023263,,,9.0,,,,,
58.0,Bulgaria,1244733,,37613 ,,1195120.0,,12000.0,44.0,182112.0,5503.0,10448658.0,1528698.0,6835003 ,Europe,51821,,,1756.0,,,,,
59.0,Lithuania,1220882,49.0,9293 ,1.0,1191734.0,187.0,19855.0,9.0,462464.0,3520.0,10121695.0,3834048.0,2639950 ,Europe,22840,19,0.4,7521.0,,,,,
60.0,Croatia,1216429,,16739 ,,1194714.0,,4976.0,12.0,300327.0,4133.0,5150402.0,1271593.0,4050355 ,Europe,32421,,,1229.0,,,,,
61.0,Lebanon,1210847,,10638 ,,1087587.0,,112622.0,186.0,179142.0,1574.0,4795578.0,709495.0,6759140 ,Asia,66351,,,16662.0,,,,,
62.0,Tunisia,1143862,,29234 ,,,,,99.0,94635.0,2419.0,4918504.0,406922.0,12087093 ,Africa,114132,,,1381.0,,,,,
63.0,Slovenia,1131747,381.0,6787 ,,1106829.0,440.0,18131.0,16.0,544225.0,3264.0,2724749.0,1310254.0,2079558 ,Europe,23061,183,,8719.0,,,,,
64.0,Cuba,1110713,,8530 ,,1101937.0,,246.0,23.0,98192.0,754.0,14064773.0,1243392.0,11311615 ,North America,1013261,,,22.0,,,,,
65.0,Guatemala,1104909,,19552 ,,1079645.0,,5712.0,5.0,59292.0,1049.0,5677725.0,304679.0,18635135 ,North America,179533,,,307.0,,,,,
66.0,Bolivia,1104102,213.0,22209 ,1.0,1034948.0,1071.0,46945.0,220.0,91865.0,1848.0,2705422.0,225101.0,12018724 ,South America,115414,18,0.08,3906.0,,,,,
67.0,Costa Rica,1058467,,8867 ,,860711.0,,188889.0,52.0,203743.0,1707.0,4659757.0,896952.0,5195101 ,North America,55861,,,36359.0,,,,,
68.0,UAE,1017543,398.0,2341 ,,997100.0,473.0,18102.0,,100252.0,231.0,185321303.0,18258551.0,10149836 ,Asia,1043360,39,,1783.0,,,,,
69.0,Nepal,997990,122.0,12007 ,,983539.0,206.0,2444.0,,32965.0,397.0,5898186.0,194823.0,30274655 ,Asia,3025215,4,,81.0,,,,,
70.0,Ecuador,997224,,35861 ,,952722.0,1013.0,8641.0,759.0,54718.0,1968.0,3082403.0,169133.0,18224725 ,South America,185086,,,474.0,,,,,
71.0,Belarus,994037,,7118 ,,985592.0,,1327.0,,105272.0,754.0,13646641.0,1445224.0,9442579 ,Europe,913271,,,141.0,,,,,
72.0,Mongolia,979985,,2179 ,,971093.0,,6713.0,192.0,288833.0,642.0,4030048.0,1187784.0,3392913 ,Asia,315571,,,1979.0,,,,,
73.0,Uruguay,979160,,7445 ,,970116.0,,1599.0,18.0,279771.0,2127.0,6114822.0,1747163.0,3499858 ,South America,44701,,,457.0,,,,,
74.0,Panama,978181,,8470 ,,962280.0,,7431.0,16.0,219213.0,1898.0,6940020.0,1555278.0,4462239 ,North America,55271,,,1665.0,,,,,
75.0,Latvia,902095,1441.0,5950 ,1.0,883736.0,,12409.0,6.0,490007.0,3232.0,7548192.0,4100088.0,1840983 ,Europe,23090,783,0.5,6740.0,,,,,
76.0,Azerbaijan,815047,,9822 ,,801707.0,,3518.0,,78843.0,950.0,7166533.0,693251.0,10337570 ,Asia,1310521,,,340.0,,,,,
77.0,Saudi Arabia,813764,,9303 ,,800914.0,,3547.0,41.0,22610.0,258.0,44140420.0,1226428.0,35991029 ,Asia,4438691,,,99.0,,,,,
78.0,Paraguay,715569,,19494 ,,694192.0,,1883.0,7.0,97719.0,2662.0,2657506.0,362911.0,7322751 ,South America,103763,,,257.0,,,,,
79.0,Bahrain,672447,,1515 ,,669415.0,,1517.0,2.0,367453.0,828.0,10290014.0,5622885.0,1830024 ,Asia,312080,,,829.0,,,,,
80.0,Sri Lanka,670176,,16711 ,,652967.0,,498.0,,31015.0,773.0,6486117.0,300170.0,21608118 ,Asia,3212933,,,23.0,,,,,
81.0,Kuwait,657395,,2563 ,,654470.0,,362.0,3.0,149147.0,581.0,8340400.0,1892236.0,4407695 ,Asia,717201,,,82.0,,,,,
82.0,Dominican Republic,640064,,4384 ,,634640.0,,1040.0,19.0,57746.0,396.0,3631917.0,327670.0,11084070 ,North America,1725283,,,94.0,,,,,
83.0,Palestine,620371,259.0,5402 ,2.0,606702.0,2667.0,8267.0,17.0,115764.0,1008.0,3078533.0,574470.0,5358912 ,Asia,99922,48,0.4,1543.0,,,,,
84.0,Myanmar,615559,,19440 ,,593794.0,,2325.0,,11151.0,352.0,8777633.0,159011.0,55201564 ,Asia,9028406,,,42.0,,,,,
85.0,Estonia,597759,,2651 ,,524990.0,,70118.0,4.0,449960.0,1996.0,3504375.0,2637901.0,1328471 ,Europe,25010,,,52781.0,,,,,
86.0,Cyprus,578030,,1172 ,,571430.0,304.0,5428.0,60.0,471308.0,956.0,9572310.0,7804969.0,1226438 ,Asia,210460,,,4426.0,,,,,
87.0,Moldova,575052,,11755 ,,504142.0,,59155.0,49.0,143275.0,2929.0,3216305.0,801347.0,4013622 ,Europe,73411,,,14739.0,,,,,
88.0,Venezuela,542952,,5801 ,,535325.0,,1826.0,36.0,19212.0,205.0,3359014.0,118856.0,28261141 ,South America,5248728,,,65.0,,,,,
89.0,Egypt,515645,,24613 ,,442182.0,,48850.0,122.0,4841.0,231.0,3693367.0,34671.0,106525198 ,Africa,207432829,,,459.0,,,,,
90.0,Libya,506849,,6437 ,,500274.0,,138.0,101.0,71648.0,910.0,2480052.0,350579.0,7074154 ,Africa,1410993,,,20.0,,,,,
91.0,Ethiopia,493237,,7572 ,,471664.0,,14001.0,8.0,4071.0,63.0,5213035.0,43031.0,121146961 ,Africa,2461599923,,,116.0,,,,,
92.0,Réunion,463155,,874 ,,418572.0,,43709.0,10.0,509419.0,961.0,1603660.0,1763849.0,909182 ,Africa,210401,,,48075.0,,,,,
93.0,Honduras,454779,,10989 ,,,,,105.0,44383.0,1072.0,1509607.0,147327.0,10246632 ,North America,239327,,,30375.0,,,,,
94.0,Armenia,434398,,8655 ,,421316.0,,4427.0,,146003.0,2909.0,3184464.0,1070313.0,2975263 ,Asia,73441,,,1488.0,,,,,
95.0,Qatar,432202,683.0,681 ,,426977.0,577.0,4544.0,2.0,153929.0,243.0,3884315.0,1383399.0,2807805 ,Asia,641231,243,,1618.0,,,,,
96.0,Oman,397846,,4260 ,,384669.0,,8917.0,2.0,73831.0,791.0,25000000.0,4639393.0,5388636 ,Asia,1412650,,,1655.0,,,,,
97.0,Bosnia and Herzegovina,396273,,16062 ,,374878.0,,5333.0,,122437.0,4963.0,1845739.0,570279.0,3236556 ,Europe,82022,,,1648.0,,,,,
98.0,North Macedonia,340695,,9495 ,,329741.0,,1459.0,,163545.0,4558.0,2118984.0,1017183.0,2083188 ,Europe,62191,,,700.0,,,,,
99.0,Kenya,338235,,5674 ,,332429.0,,132.0,1.0,6003.0,101.0,3860467.0,68517.0,56343084 ,Africa,167993015,,,2.0,,,,,
100.0,Zambia,333074,,4017 ,,328699.0,,358.0,1.0,17079.0,206.0,3705757.0,190020.0,19501954 ,Africa,5948555,,,18.0,,,,,
101.0,Albania,330193,,3582 ,,322849.0,,3762.0,,115011.0,1248.0,1941032.0,676087.0,2870979 ,Europe,98021,,,1310.0,,,,,
102.0,Botswana,325864,,2778 ,,322955.0,,131.0,1.0,132750.0,1132.0,2026898.0,825713.0,2454724 ,Africa,88841,,,53.0,,,,,
103.0,Luxembourg,288658,,1123 ,,283668.0,,3867.0,,445399.0,1733.0,4402293.0,6792729.0,648089 ,Europe,25770,,,5967.0,,,,,
104.0,Montenegro,276337,,2778 ,,271205.0,,2354.0,6.0,439860.0,4422.0,2601318.0,4140657.0,628238 ,Europe,22260,,,3747.0,,,,,
105.0,Algeria,270443,,6879 ,,182067.0,,81497.0,6.0,5935.0,151.0,230861.0,5066.0,45570311 ,Africa,1696625197,,,1788.0,,,,,
106.0,Nigeria,263867,,3148  ,,257453.0,,3266.0,11.0,1215.0,14.0,5441162.0,25048.0,217233620 ,Africa,8236900740,,,15.0,,,,,
107.0,Zimbabwe,256763,,5596 ,,251022.0,,145.0,12.0,16746.0,365.0,2484638.0,162049.0,15332677 ,Africa,6027406,,,9.0,,,,,
108.0,Uzbekistan,243830,,1637 ,,241486.0,,707.0,23.0,7063.0,47.0,1377915.0,39914.0,34522334 ,Asia,1422108925,,,20.0,,,,,
109.0,Mozambique,230129,,2221 ,,227769.0,,139.0,11.0,6941.0,67.0,1371127.0,41353.0,33156930 ,Africa,1441492924,,,4.0,,,,,
110.0,Brunei ,220245,,225 ,,219561.0,,459.0,3.0,493189.0,504.0,717784.0,1607316.0,446573 ,Asia,219851,,,1028.0,,,,,
111.0,Martinique,218764,,1035 ,,,,,8.0,583941.0,2763.0,828928.0,2212634.0,374634 ,North America,23620,,,580900.0,,,,,
112.0,Laos,214455,48.0,757 ,,,,,,28576.0,101.0,1233207.0,164323.0,7504778 ,Asia,3599146,6,,27454.0,,,,,
113.0,Kyrgyzstan,205716,,2991 ,,196406.0,,6319.0,131.0,30441.0,443.0,1907195.0,282217.0,6757901 ,Asia,3322594,,,935.0,,,,,
114.0,Iceland,204717,,179 ,,,,,2.0,591582.0,517.0,1993053.0,5759436.0,346050 ,Europe,219330,,,372354.0,,,,,
115.0,El Salvador,201785,,4224 ,,179266.0,,18295.0,8.0,30773.0,644.0,2610114.0,398051.0,6557241 ,North America,3215523,,,2790.0,,,,,
116.0,Afghanistan,194355,121.0,7783 ,1.0,172407.0,229.0,14165.0,1124.0,4760.0,191.0,1074381.0,26312.0,40831974 ,Asia,210524638,3,0.02,347.0,,,,,
117.0,Guadeloupe,191997,,986 ,,,,,19.0,479666.0,2463.0,938039.0,2343504.0,400272 ,North America,24060,,,471582.0,,,,,
118.0,Maldives,184856,,308 ,,163687.0,,20861.0,25.0,329385.0,549.0,2213831.0,3944711.0,561215 ,Asia,318220,,,37171.0,,,,,
119.0,Trinidad and Tobago,179886,,4158 ,,170205.0,,5523.0,18.0,127640.0,2950.0,822314.0,583481.0,1409324 ,North America,83392,,,3919.0,,,,,
120.0,Uganda,169396,,3628 ,,100431.0,,65337.0,3.0,3466.0,74.0,3012408.0,61631.0,48877970 ,Africa,2891347216,,,1337.0,,,,,
121.0,Namibia,169253,,4065 ,,164813.0,,375.0,,64091.0,1539.0,1062663.0,402399.0,2640816 ,Africa,166502,,,142.0,,,,,
122.0,Ghana,168580,,1459 ,,167080.0,,41.0,2.0,5190.0,45.0,2496486.0,76859.0,32481277 ,Africa,1932226313,,,1.0,,,,,
123.0,Jamaica,150180,,3267 ,,97012.0,,49901.0,,50241.0,1093.0,1172301.0,392176.0,2989220 ,North America,209153,,,16694.0,,,,,
124.0,Cambodia,137668,7.0,3056 ,,134507.0,11.0,105.0,,7994.0,177.0,3051743.0,177207.0,17221322 ,Asia,12556356,0.4,,6.0,,,,,
125.0,Rwanda,132453,,1466 ,,130901.0,,86.0,,9704.0,107.0,5767196.0,422524.0,13649384 ,Africa,10393112,,,6.0,,,,,
126.0,Cameroon,121652,,1935 ,,118616.0,,1101.0,13.0,4348.0,69.0,1751774.0,62607.0,27980689 ,Africa,2301446016,,,39.0,,,,,
127.0,Malta,114151,16.0,802 ,,112855.0,23.0,494.0,4.0,257042.0,1806.0,2046915.0,4609183.0,444095 ,Europe,45540,36,,1112.0,,,,,
128.0,Angola,102636,,1917 ,,100437.0,,282.0,,2925.0,55.0,1499795.0,42746.0,35086408 ,Africa,3421830323,,,8.0,,,,,
129.0,Barbados,101451,,544 ,,100090.0,,817.0,,352090.0,1888.0,756806.0,2626531.0,288139 ,North America,35300,,,2835.0,,,,,
130.0,French Guiana,93735,,408 ,,11254.0,,82073.0,3.0,297106.0,1293.0,650106.0,2060604.0,315493 ,South America,37730,,,260142.0,,,,,
131.0,DRC,92711,,1405 ,,83504.0,,7802.0,,971.0,15.0,846704.0,8868.0,95474185 ,Africa,103067953113,,,82.0,,,,,
132.0,Channel Islands,89657,,198 ,,89125.0,,334.0,,505560.0,1116.0,1252808.0,7064362.0,177342 ,Europe,28960,,,1883.0,,,,,
133.0,Senegal,88102,,1968 ,,85985.0,,149.0,,4977.0,111.0,1146543.0,64769.0,17702046 ,Africa,201899515,,,8.0,,,,,
134.0,Malawi,87901,,2678 ,,84928.0,,295.0,67.0,4351.0,133.0,610953.0,30240.0,20203334 ,Africa,230754433,,,15.0,,,,,
135.0,Ivory Coast,86821,,819 ,,85941.0,,61.0,,3123.0,29.0,1613343.0,58041.0,27796627 ,Africa,3203394017,,,2.0,,,,,
136.0,Suriname,81039,,1383 ,,49614.0,,30042.0,,135507.0,2313.0,238852.0,399390.0,598042 ,South America,74323,,,50234.0,,,,,
137.0,French Polynesia,76484,,649 ,,,,,7.0,268900.0,2282.0,,,284433 ,Australia/Oceania,4438,,,148840.0,,,,,
138.0,New Caledonia,73798,,314 ,,73032.0,,452.0,9.0,253205.0,1077.0,98964.0,339550.0,291456 ,Australia/Oceania,49283,,,1551.0,,,,,
139.0,Eswatini,73368,,1422 ,,71923.0,,23.0,11.0,61849.0,1199.0,1043970.0,880065.0,1186242 ,Africa,168341,,,19.0,,,,,
140.0,Guyana,71100,,1279 ,,69615.0,,206.0,,89458.0,1609.0,689134.0,867064.0,794790 ,South America,116211,,,259.0,,,,,
141.0,Belize,68350,,680 ,,67542.0,,128.0,6.0,165376.0,1645.0,576016.0,1393696.0,413301 ,North America,66081,,,310.0,,,,,
142.0,Fiji,68177,,878 ,,66192.0,,1107.0,,74875.0,964.0,652851.0,716988.0,910546 ,Australia/Oceania,1310371,,,1216.0,,,,,
143.0,Madagascar,66640,,1410 ,,65196.0,,34.0,2.0,2279.0,48.0,511408.0,17492.0,29236796 ,Africa,4392073557,,,1.0,,,,,
144.0,Sudan,63228,,4961 ,,,,,,1372.0,108.0,562941.0,12219.0,46072311 ,Africa,729928782,,,389.0,,,,,
145.0,Mauritania,62771,,993 ,,61747.0,,31.0,,12771.0,202.0,951667.0,193623.0,4915043 ,Africa,7849505,,,6.0,,,,,
146.0,Cabo Verde,62328,,410 ,,61843.0,,75.0,23.0,109521.0,720.0,401622.0,705718.0,569097 ,Africa,913881,,,132.0,,,,,
147.0,Bhutan,61076,,21 ,,60961.0,,94.0,,77306.0,27.0,2303734.0,2915923.0,790053 ,Asia,13376220,,,119.0,,,,,
148.0,Syria,57085,,3163 ,,53567.0,,355.0,,3098.0,172.0,146269.0,7939.0,18423779 ,Asia,3235825126,,,19.0,,,,,
149.0,Burundi,49287,,38 ,,47946.0,,1303.0,,3893.0,3.0,345742.0,27310.0,12659812 ,Africa,25733315337,,,103.0,,,,,
150.0,Gabon,48649,,306 ,,48067.0,,276.0,,20792.0,131.0,1614329.0,689952.0,2339770 ,Africa,4876461,,,118.0,,,,,
151.0,Seychelles,46081,,169 ,,45777.0,,135.0,,462340.0,1696.0,,,99669 ,Africa,2590,,,1354.0,,,,,
152.0,Andorra,46027,,154 ,,45791.0,,82.0,14.0,593644.0,1986.0,249838.0,3222344.0,77533 ,Europe,25030,,,1058.0,,,,,
153.0,Curaçao,45127,,282 ,,44720.0,,125.0,3.0,272590.0,1703.0,496693.0,3000278.0,165549 ,North America,45870,,,755.0,,,,,
154.0,Papua New Guinea,44887,,664 ,,43982.0,,241.0,7.0,4819.0,71.0,249149.0,26747.0,9315011 ,Australia/Oceania,2081402937,,,26.0,,,,,
155.0,Aruba,42792,,226 ,,42340.0,,226.0,2.0,397142.0,2097.0,177885.0,1650905.0,107750 ,North America,34771,,,2097.0,,,,,
156.0,Mauritius,40299,,1022 ,,38573.0,,704.0,,31574.0,801.0,358675.0,281017.0,1276348 ,Africa,3212494,,,552.0,,,,,
157.0,Mayotte,40095,,187 ,,,,,,139651.0,651.0,176919.0,616211.0,287108 ,Africa,715352,,,128676.0,,,,,
158.0,Tanzania,38712,,841 ,,,,,7.0,610.0,13.0,,,63428860 ,Africa,163875421,,,594.0,,,,,
159.0,Togo,38546,,283 ,,38058.0,,205.0,,4431.0,33.0,786762.0,90432.0,8700031 ,Africa,2263074211,,,24.0,,,,,
160.0,Isle of Man,38008,,116 ,,,,,,441902.0,1349.0,150753.0,1752738.0,86010 ,Europe,27411,,,129032.0,,,,,
161.0,Guinea,37470,,447 ,,36763.0,,260.0,8.0,2694.0,32.0,660107.0,47468.0,13906312 ,Africa,3713111021,,,19.0,,,,,
162.0,Bahamas,37081,,823 ,,35897.0,,361.0,1.0,92379.0,2050.0,248846.0,619944.0,401401 ,North America,114882,,,899.0,,,,,
163.0,Faeroe Islands,34658,,28 ,,,,,5.0,703487.0,568.0,778000.0,15791824.0,49266 ,Europe,117600,,,546767.0,,,,,
164.0,Lesotho,34206,,704 ,,25740.0,,7762.0,,15697.0,323.0,431221.0,197888.0,2179114 ,Africa,6430955,,,3562.0,,,,,
165.0,Haiti,33468,,841 ,,30819.0,,1808.0,,2859.0,72.0,132422.0,11314.0,11704309 ,North America,3501391788,,,154.0,,,,,
166.0,Mali,31623,,739 ,,30534.0,,350.0,,1470.0,34.0,743467.0,34552.0,21517433 ,Africa,6802911729,,,16.0,,,,,
167.0,Cayman Islands,30057,,29 ,,8553.0,,21475.0,1.0,445963.0,430.0,222773.0,3305335.0,67398 ,North America,223240,,,318630.0,,,,,
168.0,Saint Lucia,28894,,391 ,,28369.0,,134.0,,155806.0,2108.0,209716.0,1130855.0,185449 ,North America,64741,,,723.0,,,,,
169.0,Benin,27490,,163 ,,27217.0,,110.0,5.0,2146.0,13.0,604310.0,47165.0,12812711 ,Africa,4667860621,,,9.0,,,,,
170.0,Somalia,27020,,1350 ,,13182.0,,12488.0,,1603.0,80.0,400466.0,23758.0,16856068 ,Africa,6241248642,,,741.0,,,,,
171.0,Congo,24837,,386 ,,24006.0,,445.0,,4273.0,66.0,347815.0,59834.0,5813008 ,Africa,2341506017,,,77.0,,,,,
172.0,Timor-Leste,23163,,138 ,,22981.0,,44.0,,16871.0,101.0,275776.0,200861.0,1372969 ,Asia,5999495,,,32.0,,,,,
173.0,Solomon Islands,21544,,153 ,,16357.0,,5034.0,1.0,29779.0,211.0,5117.0,7073.0,723459 ,Australia/Oceania,344728141,,,6958.0,,,,,
174.0,Burkina Faso,21128,,387 ,,20632.0,,109.0,,954.0,17.0,248995.0,11242.0,22147920 ,Africa,10485723089,,,5.0,,,,,
175.0,San Marino,20398,,118 ,,20187.0,,93.0,4.0,598428.0,3462.0,157634.0,4624597.0,34086 ,Europe,22890,,,2728.0,,,,,
176.0,Gibraltar,20069,,108 ,,16579.0,,3382.0,,596068.0,3208.0,534283.0,15868692.0,33669 ,Europe,23120,,,100448.0,,,,,
177.0,Grenada,19346,,236 ,,18971.0,,139.0,4.0,170217.0,2076.0,177860.0,1564911.0,113655 ,North America,64821,,,1223.0,,,,,
178.0,Liechtenstein,19231,3.0,86 ,,19018.0,6.0,127.0,2.0,501251.0,2242.0,102174.0,2663139.0,38366 ,Europe,24460,78,,3310.0,,,,,
179.0,Nicaragua,18491,,225 ,,4225.0,,14041.0,,2721.0,33.0,,,6795665 ,North America,36830203,,,2066.0,,,,,
180.0,Bermuda,17913,,148 ,,17624.0,,141.0,,289953.0,2396.0,988467.0,16000049.0,61779 ,North America,34170,,,2282.0,,,,,
181.0,South Sudan,17823,,138 ,,17335.0,,350.0,1.0,1553.0,12.0,410280.0,35743.0,11478642 ,Africa,6448317928,,,30.0,,,,,
182.0,Tajikistan,17786,,125 ,,17264.0,,397.0,,1778.0,12.0,,,10002793 ,Asia,56280022,,,40.0,,,,,
183.0,Equatorial Guinea,16957,,183 ,,16623.0,,151.0,5.0,11281.0,122.0,365697.0,243298.0,1503082 ,Africa,8982144,,,100.0,,,,,
184.0,Samoa,15839,,29 ,,1605.0,,14205.0,4.0,78693.0,144.0,187397.0,931045.0,201276 ,Australia/Oceania,1369411,,,70575.0,,,,,
185.0,Tonga,15805,,12 ,,15043.0,,750.0,,145943.0,111.0,535009.0,4940247.0,108296 ,Australia/Oceania,790250,,,6925.0,,,,,
186.0,Djibouti,15690,,189  ,,15427.0,,74.0,,15395.0,185.0,305941.0,300179.0,1019194 ,Africa,6553933,,,73.0,,,,,
187.0,Marshall Islands,15063,,17 ,,13603.0,,1443.0,22.0,250812.0,283.0,,,60057 ,Australia/Oceania,43533,,,24027.0,,,,,
188.0,CAR,14862,,113 ,,14520.0,,229.0,2.0,2965.0,23.0,81294.0,16220.0,5012092 ,Africa,3374435562,,,46.0,,,,,
189.0,Dominica,14852,,68 ,,14554.0,,230.0,,205212.0,940.0,210195.0,2904289.0,72374 ,North America,510640,,,3178.0,,,,,
190.0,Monaco,14404,,57 ,,14301.0,,46.0,4.0,361492.0,1431.0,77770.0,1951764.0,39846 ,Europe,36991,,,1154.0,,,,,
191.0,Gambia,12311,,371 ,,11788.0,,152.0,,4801.0,145.0,155686.0,60718.0,2564097 ,Africa,208691116,,,59.0,,,,,
192.0,Greenland,11971,,21 ,,2761.0,,9189.0,4.0,210077.0,369.0,164926.0,2894251.0,56984 ,North America,527140,,,161256.0,,,,,
193.0,Saint Martin,11941,,63 ,,1399.0,,10479.0,7.0,297795.0,1571.0,112382.0,2802683.0,40098 ,North America,36360,,,261335.0,,,,,
194.0,Yemen,11931,,2155 ,,9119.0,,657.0,23.0,382.0,69.0,329592.0,10546.0,31252295 ,Asia,26191450295,,,21.0,,,,,
195.0,Vanuatu,11836,,14 ,,11751.0,,71.0,,36675.0,43.0,24976.0,77390.0,322729 ,Australia/Oceania,272305213,,,220.0,,,,,
196.0,Caribbean Netherlands,11032,,35 ,,10476.0,,521.0,,412380.0,1308.0,30126.0,1126121.0,26752 ,North America,27641,,,19475.0,,,,,
197.0,Sint Maarten,10836,,87 ,,10741.0,,8.0,10.0,246648.0,1980.0,62056.0,1412515.0,43933 ,North America,45051,,,182.0,,,,,
198.0,Eritrea,10155,,103 ,,10050.0,,2.0,,2780.0,28.0,23693.0,6486.0,3652986 ,Africa,36035466154,,,0.5,,,,,
199.0,Niger,9931,,312 ,,8867.0,,752.0,1.0,380.0,12.0,254538.0,9749.0,26109658 ,Africa,262983685103,,,29.0,,,,,
200.0,Antigua and Barbuda,8974,,145 ,,8794.0,,35.0,1.0,90020.0,1455.0,18901.0,189600.0,99689 ,North America,116885,,,351.0,,,,,
201.0,Guinea-Bissau,8796,,175 ,,8301.0,,320.0,6.0,4251.0,85.0,145231.0,70194.0,2068999 ,Africa,2351182314,,,155.0,,,,,
202.0,Comoros,8455,,161 ,,8281.0,,13.0,,9293.0,177.0,,,909822 ,Africa,1085651,,,14.0,,,,,
203.0,Liberia,7883,,294 ,,7461.0,,128.0,2.0,1483.0,55.0,139824.0,26303.0,5315799 ,Africa,6741808138,,,24.0,,,,,
204.0,Micronesia,7856,,27 ,,147.0,,7682.0,1.0,66779.0,230.0,21923.0,186355.0,117641 ,Australia/Oceania,1543575,,,65300.0,,,,,
205.0,Sierra Leone,7747,,126 ,,,,,,930.0,15.0,259958.0,31210.0,8329206 ,Africa,10756610532,,,331.0,,,,,
206.0,Chad,7538,,193 ,,4874.0,,2471.0,,432.0,11.0,191341.0,10965.0,17449372 ,Africa,23159041191,,,142.0,,,,,
207.0,British Virgin Islands,7291,,64 ,,,,,1.0,237740.0,2087.0,107243.0,3496902.0,30668 ,North America,44790,,,750.0,,,,,
208.0,St. Vincent Grenadines,7112,,115 ,,6641.0,,356.0,,63668.0,1029.0,100856.0,902878.0,111705 ,North America,169711,,,3187.0,,,,,
209.0,Saint Kitts and Nevis,6509,,46 ,,6446.0,,17.0,,120501.0,852.0,124861.0,2311556.0,54016 ,North America,811740,,,315.0,,,,,
210.0,Cook Islands,6373,,1 ,,6344.0,,28.0,,362123.0,57.0,19690.0,1118814.0,17599 ,Australia/Oceania,3175991,,,1591.0,,,,,
211.0,Turks and Caicos,6369,,36 ,,6294.0,,39.0,4.0,159808.0,903.0,549718.0,13793296.0,39854 ,North America,611070,,,979.0,,,,,
212.0,Sao Tome and Principe,6153,,76 ,,6060.0,,17.0,,26987.0,333.0,29036.0,127354.0,227995 ,Africa,3730008,,,75.0,,,,,
213.0,Palau,5403,,6 ,,5336.0,,61.0,1.0,295553.0,328.0,64461.0,3526120.0,18281 ,Australia/Oceania,330470,,,3337.0,,,,,
214.0,St. Barth,5263,,6 ,,,,,,529370.0,604.0,78646.0,7910481.0,9942 ,North America,216570,,,482297.0,,,,,
215.0,Nauru,4611,,1 ,,4605.0,,5.0,,420252.0,91.0,20509.0,1869213.0,10972 ,Australia/Oceania,2109721,,,456.0,,,,,
216.0,Anguilla,3837,,11 ,,3789.0,,37.0,4.0,250883.0,719.0,51382.0,3359618.0,15294 ,North America,413900,,,2419.0,,,,,
217.0,Kiribati,3430,,13 ,,2703.0,,714.0,3.0,27789.0,105.0,,,123428 ,Australia/Oceania,369494,,,5785.0,,,,,
218.0,Saint Pierre Miquelon,3131,,1 ,,2449.0,,681.0,1.0,546136.0,174.0,24902.0,4343625.0,5733 ,North America,257330,,,118786.0,,,,,
219.0,Falkland Islands,1886,, ,,,,,,509730.0,,8632.0,2332973.0,3700 ,South America,20,,,476216.0,,,,,
220.0,Montserrat,1190,,8 ,,1113.0,,69.0,,238048.0,1600.0,16597.0,3320064.0,4999 ,North America,46250,,,13803.0,,,,,
221.0,Macao,793,,6 ,,787.0,2.0,0.0,,1186.0,9.0,7850.0,11742.0,668553 ,Asia,84311142685,,,,,,,,
222.0,Wallis and Futuna,761,,7 ,,438.0,,316.0,,70385.0,647.0,20508.0,1896781.0,10812 ,Australia/Oceania,1415451,,,29227.0,,,,,
223.0,Diamond Princess,712,,13 ,,699.0,,0.0,,,,,, ,,,,,,,,,,
224.0,Niue,73,, ,,64.0,4.0,9.0,,44242.0,,,,1650 ,Australia/Oceania,23,,,5455.0,,,,,
225.0,Vatican City,29,, ,,29.0,,0.0,,36025.0,,,,805 ,Europe,28,,,,,,,,
226.0,Tuvalu,20,, ,,,,20.0,,1652.0,,,,12108 ,Australia/Oceania,605,,,1652.0,,,,,
227.0,Western Sahara,10,,1 ,,9.0,,0.0,,16.0,2.0,,,629229 ,Africa,62923629229,,,,,,,,
228.0,MS Zaandam,9,,2 ,,7.0,,0.0,,,,,, ,,,,,,,,,,
229.0,Saint Helena,7,, ,,2.0,,5.0,,1145.0,,,,6116 ,Africa,874,,,818.0,,,,,
230.0,China,245057,349.0,5226 ,,233604.0,320.0,6227.0,32.0,170.0,4.0,160000000.0,111163.0,1439323776 ,Asia,58732754169,0.2,,4.0,,,,,
